beta	counts	v_beta	j_beta
CASSQGDSAGQPQHF	1103755	TRBV4-1	TRBJ1-5
CASSEEGIYNEQFF	1001258	TRBV2	TRBJ2-1
CASSQGDSAVSPAF	11301	TRBV4-1	TRBJ1-5
CATSRDSWGRTYEQYF	1384	TRBV15	TRBJ2-7
CASSIQGTDEQFF	977	TRBV19	TRBJ2-1
CASSQGDSAGQPQHF	437	TRBV4-2	TRBJ1-5
CASSQGDSAGQPQHF	209	TRBV4-3	TRBJ1-5
CSARDIHNYEQYF	152	TRBV20-1	TRBJ2-7
CASSQGDSAGQPQHF	139	TRBV2	TRBJ1-5
CASSAITGLAPKDDTQYF	134	TRBV2	TRBJ2-3
CASRETGTYNEQFF	61	TRBV6-5	TRBJ2-1
CASSIQEAGYTF	33	TRBV19	TRBJ1-2
CASSPGTGDTDTQYF	29	TRBV7-9	TRBJ2-3
CASSPYGLLGGYTF	29	TRBV9	TRBJ1-2
CASSYSGGQETQYF	23	TRBV6-5	TRBJ2-5
CASGVVEQYF	22	TRBV28	TRBJ2-7
CDSAGQPQHF	22	TRBV4-1	TRBJ1-5
CASMSGEQYF	19	TRBV28	TRBJ2-7
CASSIQEADEQFF	18	TRBV19	TRBJ2-1
CASSEEGIYNEQFF	16	TRBV4-1	TRBJ2-1
CASEEGIYNEQFF	15	TRBV2	TRBJ2-1
CVPKSDSHNEQFF	10	TRBV2	TRBJ2-1
CASSQGDSAGQPQHF	9	TRBV2	TRBJ1-5
CASSQGDSAEQPQHF	9	TRBV4-1	TRBJ1-5
CASSQGGAQWGQPQHF	8	TRBV4-1	TRBJ1-5
CARLLCCAGQPQHF	8	TRBV4-1	TRBJ1-5
CASSEEGYNEQFF	8	TRBV2	TRBJ2-1
CASSRGGTGSHEQYF	7	TRBV19	TRBJ2-7
RPEASMGCRLLCCAGQPQHF	6	TRBV4-1	TRBJ1-5
CACRLLYSAGQPQHF	6	TRBV4-1	TRBJ1-5
CASQGDSAGQSQHF	6	TRBV4-1	TRBJ1-5
CASSQGDPRLAWAAGCSAGQPQHF	4	TRBV4-1	TRBJ1-5
CASMGCRLLCSAGQPQHF	4	TRBV4-1	TRBJ1-5
CASSKGPQSEAPSQPQHF	4	TRBV4-1	TRBJ1-5
CASSQDTALQSHCIPVHKPPSSQGDSAGQPQHF	3	TRBV3-1	TRBJ1-5
CASSEEGIYNEQFF	3	TRBV4-1	TRBJ2-1
CASSEEGNEQFF	3	TRBV2	TRBJ2-1
CCAGQPQHF	3	TRBV4-1	TRBJ1-5
CTCSQSVFLKVILTLLLIYNEQFF	2	TRBV2	TRBJ2-1
CASSQGGSVGQPQHF	2	TRBV4-3	TRBJ1-5
CASSQGDSAGQPQHF	2	TRBV19	TRBJ1-5
CAGSKGPQSEAPSQPQHF	1	TRBV4-1	TRBJ1-5
RASSQGDSAGQRPQHF	1	TRBV4-1	TRBJ1-5
CASSEEGIYDEQFF	1	TRBV4-1	TRBJ2-1
CASSEEGIYNEQFF	1	TRBV19	TRBJ2-1
CASEEGIYNEQFF	1	TRBV2	TRBJ2-1
CANSEEGYNEQFF	1	TRBV2	TRBJ2-1
CASSEEGNGQFF	1	TRBV2	TRBJ2-1
CCTGQPQHF	1	TRBV4-1	TRBJ1-5
