index,Alpha_Sequences,Beta_Sequences,V_alpha,J_alpha,V_beta,D_beta,J_beta,Frequency,Labels,Sample,HLA
5,,CASSLAHSGGMSDTQYF,,,TRBV5-6,,TRBJ2-3,0.037552821866232586,32Z_TCRLR_AJC_TetPos_IonDual_A3_0117_deeptcr,32Z_TCRLR_AJC_TetPos_IonDual_A3_0117_deeptcr.tsv,"['N', 'o', 'n', 'e']"
10,,CASSLQTEGNTDTQYF,,,TRBV5-6,,TRBJ2-3,0.01668199751602783,32Z_TCRLR_AJC_TetPos_IonDual_A3_0117_deeptcr,32Z_TCRLR_AJC_TetPos_IonDual_A3_0117_deeptcr.tsv,"['N', 'o', 'n', 'e']"
25,,CASSFIAGDVSDTQYF,,,TRBV5-6,,TRBJ2-3,0.007045769407972363,32Z_TCRLR_AJC_TetPos_IonDual_A3_0117_deeptcr,32Z_TCRLR_AJC_TetPos_IonDual_A3_0117_deeptcr.tsv,"['N', 'o', 'n', 'e']"
26,,CASSFPQTNTEAFF,,,TRBV5-6,,TRBJ1-1,0.006964968072770431,32Z_TCRLR_AJC_TetPos_IonDual_A3_0117_deeptcr,32Z_TCRLR_AJC_TetPos_IonDual_A3_0117_deeptcr.tsv,"['N', 'o', 'n', 'e']"
34,,CASSYLADGHTDTQYF,,,TRBV5-6,,TRBJ2-3,0.0050781766295783185,32Z_TCRLR_AJC_TetPos_IonDual_A3_0117_deeptcr,32Z_TCRLR_AJC_TetPos_IonDual_A3_0117_deeptcr.tsv,"['N', 'o', 'n', 'e']"
42,,CASSTLTGEVNTEAFF,,,TRBV5-6,,TRBJ1-1,0.0033096440941983037,32Z_TCRLR_AJC_TetPos_IonDual_A3_0117_deeptcr,32Z_TCRLR_AJC_TetPos_IonDual_A3_0117_deeptcr.tsv,"['N', 'o', 'n', 'e']"
47,,CASSLTILGDAWYTEAFF,,,TRBV5-6,,TRBJ1-1,0.0027338676923620263,32Z_TCRLR_AJC_TetPos_IonDual_A3_0117_deeptcr,32Z_TCRLR_AJC_TetPos_IonDual_A3_0117_deeptcr.tsv,"['N', 'o', 'n', 'e']"
52,,CASSLAQASGELTDTQYF,,,TRBV5-6,,TRBJ2-3,0.002093343200728175,32Z_TCRLR_AJC_TetPos_IonDual_A3_0117_deeptcr,32Z_TCRLR_AJC_TetPos_IonDual_A3_0117_deeptcr.tsv,"['N', 'o', 'n', 'e']"
54,,CASSSGQHPIPTLGEAFF,,,TRBV11-3,,TRBJ1-1,0.0018696679814274653,32Z_TCRLR_AJC_TetPos_IonDual_A3_0117_deeptcr,32Z_TCRLR_AJC_TetPos_IonDual_A3_0117_deeptcr.tsv,"['N', 'o', 'n', 'e']"
57,,CASSLVGSSGANVLTF,,,TRBV5-6,,TRBJ2-6,0.0017326802873102842,32Z_TCRLR_AJC_TetPos_IonDual_A3_0117_deeptcr,32Z_TCRLR_AJC_TetPos_IonDual_A3_0117_deeptcr.tsv,"['N', 'o', 'n', 'e']"
62,,CASSLMTDGFGHTQYF,,,TRBV5-6,,TRBJ2-3,0.0015057944189287027,32Z_TCRLR_AJC_TetPos_IonDual_A3_0117_deeptcr,32Z_TCRLR_AJC_TetPos_IonDual_A3_0117_deeptcr.tsv,"['N', 'o', 'n', 'e']"
81,,CASSFIAGDVSDTQCF,,,TRBV5-6,,TRBJ2-3,0.0006351734098323988,32Z_TCRLR_AJC_TetPos_IonDual_A3_0117_deeptcr,32Z_TCRLR_AJC_TetPos_IonDual_A3_0117_deeptcr.tsv,"['N', 'o', 'n', 'e']"
85,,CASSTTGPTGLNQPQHF,,,TRBV5-6,,TRBJ1-5,0.0005447401273878534,32Z_TCRLR_AJC_TetPos_IonDual_A3_0117_deeptcr,32Z_TCRLR_AJC_TetPos_IonDual_A3_0117_deeptcr.tsv,"['N', 'o', 'n', 'e']"
114,,CASSLQGSSTDTQYF,,,TRBV5-6,,TRBJ2-3,0.00014180366773848836,32Z_TCRLR_AJC_TetPos_IonDual_A3_0117_deeptcr,32Z_TCRLR_AJC_TetPos_IonDual_A3_0117_deeptcr.tsv,"['N', 'o', 'n', 'e']"
119,,CASSLAQASRELTDTQYF,,,TRBV5-6,,TRBJ2-3,0.00011879401599224307,32Z_TCRLR_AJC_TetPos_IonDual_A3_0117_deeptcr,32Z_TCRLR_AJC_TetPos_IonDual_A3_0117_deeptcr.tsv,"['N', 'o', 'n', 'e']"
122,,CASSFTTDSGNTIYF,,,TRBV5-6,,TRBJ1-3,0.00010113544604745018,32Z_TCRLR_AJC_TetPos_IonDual_A3_0117_deeptcr,32Z_TCRLR_AJC_TetPos_IonDual_A3_0117_deeptcr.tsv,"['N', 'o', 'n', 'e']"
131,,CASSLTAGSTDTQYF,,,TRBV5-6,,TRBJ2-3,7.54502534004787e-05,32Z_TCRLR_AJC_TetPos_IonDual_A3_0117_deeptcr,32Z_TCRLR_AJC_TetPos_IonDual_A3_0117_deeptcr.tsv,"['N', 'o', 'n', 'e']"
133,,CASSFQVGQDLTDTQYF,,,TRBV5-6,,TRBJ2-3,7.223960431960728e-05,32Z_TCRLR_AJC_TetPos_IonDual_A3_0117_deeptcr,32Z_TCRLR_AJC_TetPos_IonDual_A3_0117_deeptcr.tsv,"['N', 'o', 'n', 'e']"
134,,CASSLEADNTEAFF,,,TRBV5-6,,TRBJ1-1,5.9397007996121534e-05,32Z_TCRLR_AJC_TetPos_IonDual_A3_0117_deeptcr,32Z_TCRLR_AJC_TetPos_IonDual_A3_0117_deeptcr.tsv,"['N', 'o', 'n', 'e']"
149,,CASSLVLESTDTQYF,,,TRBV5-6,,TRBJ2-3,3.585224806973102e-05,32Z_TCRLR_AJC_TetPos_IonDual_A3_0117_deeptcr,32Z_TCRLR_AJC_TetPos_IonDual_A3_0117_deeptcr.tsv,"['N', 'o', 'n', 'e']"
152,,CASSFIARDVSDTQYF,,,TRBV5-6,,TRBJ2-3,3.210649080871434e-05,32Z_TCRLR_AJC_TetPos_IonDual_A3_0117_deeptcr,32Z_TCRLR_AJC_TetPos_IonDual_A3_0117_deeptcr.tsv,"['N', 'o', 'n', 'e']"
157,,CASSHKPTDSNQPQHF,,,TRBV5-6,,TRBJ1-5,2.889584172784291e-05,32Z_TCRLR_AJC_TetPos_IonDual_A3_0117_deeptcr,32Z_TCRLR_AJC_TetPos_IonDual_A3_0117_deeptcr.tsv,"['N', 'o', 'n', 'e']"
159,,CASKNTGALEAFF,,,TRBV5-6,,TRBJ1-1,2.836073354769767e-05,32Z_TCRLR_AJC_TetPos_IonDual_A3_0117_deeptcr,32Z_TCRLR_AJC_TetPos_IonDual_A3_0117_deeptcr.tsv,"['N', 'o', 'n', 'e']"
167,,CASSLAQASGRLTDTQYF,,,TRBV5-6,,TRBJ2-3,2.300965174624528e-05,32Z_TCRLR_AJC_TetPos_IonDual_A3_0117_deeptcr,32Z_TCRLR_AJC_TetPos_IonDual_A3_0117_deeptcr.tsv,"['N', 'o', 'n', 'e']"
168,,CASSLGTSGSTDTQYF,,,TRBV5-6,,TRBJ2-3,2.0869219025664324e-05,32Z_TCRLR_AJC_TetPos_IonDual_A3_0117_deeptcr,32Z_TCRLR_AJC_TetPos_IonDual_A3_0117_deeptcr.tsv,"['N', 'o', 'n', 'e']"
214,,CASSFIAGNVSDTQYF,,,TRBV5-6,,TRBJ2-3,3.2106490808714342e-06,32Z_TCRLR_AJC_TetPos_IonDual_A3_0117_deeptcr,32Z_TCRLR_AJC_TetPos_IonDual_A3_0117_deeptcr.tsv,"['N', 'o', 'n', 'e']"
223,,CANVLTF,,,TRBV5-6,,TRBJ2-6,2.140432720580956e-06,32Z_TCRLR_AJC_TetPos_IonDual_A3_0117_deeptcr,32Z_TCRLR_AJC_TetPos_IonDual_A3_0117_deeptcr.tsv,"['N', 'o', 'n', 'e']"
236,,CASSLAHSACMSDTQYF,,,TRBV5-6,,TRBJ2-3,1.070216360290478e-06,32Z_TCRLR_AJC_TetPos_IonDual_A3_0117_deeptcr,32Z_TCRLR_AJC_TetPos_IonDual_A3_0117_deeptcr.tsv,"['N', 'o', 'n', 'e']"
244,,CASIRIDTGELYF,,,TRBV5-6,,TRBJ2-3,5.35108180145239e-07,32Z_TCRLR_AJC_TetPos_IonDual_A3_0117_deeptcr,32Z_TCRLR_AJC_TetPos_IonDual_A3_0117_deeptcr.tsv,"['N', 'o', 'n', 'e']"
305,,CASSWGTETDTQYF,,,TRBV5-6,,TRBJ2-3,0.007392345933171162,32Z_TCRLR_GDL_TetPos_IonDual_G2_0115_deeptcr,32Z_TCRLR_GDL_TetPos_IonDual_G2_0115_deeptcr.tsv,"['N', 'o', 'n', 'e']"
315,,CASSLAPQGPWPTEAFF,,,TRBV5-6,,TRBJ1-1,0.0032316991548307582,32Z_TCRLR_GDL_TetPos_IonDual_G2_0115_deeptcr,32Z_TCRLR_GDL_TetPos_IonDual_G2_0115_deeptcr.tsv,"['N', 'o', 'n', 'e']"
318,,CASSLAGRDVNQPQHF,,,TRBV5-6,,TRBJ1-5,0.0028035754674741397,32Z_TCRLR_GDL_TetPos_IonDual_G2_0115_deeptcr,32Z_TCRLR_GDL_TetPos_IonDual_G2_0115_deeptcr.tsv,"['N', 'o', 'n', 'e']"
325,,CASSLSVFRSNQPQHF,,,TRBV5-6,,TRBJ1-5,0.0017563456931449434,32Z_TCRLR_GDL_TetPos_IonDual_G2_0115_deeptcr,32Z_TCRLR_GDL_TetPos_IonDual_G2_0115_deeptcr.tsv,"['N', 'o', 'n', 'e']"
337,,CASSLVSGGWDTQYF,,,TRBV5-6,,TRBJ2-3,0.0009335635123221152,32Z_TCRLR_GDL_TetPos_IonDual_G2_0115_deeptcr,32Z_TCRLR_GDL_TetPos_IonDual_G2_0115_deeptcr.tsv,"['N', 'o', 'n', 'e']"
356,,CASSLAGPSGQTDTQYF,,,TRBV5-6,,TRBJ2-3,0.00030695660602927396,32Z_TCRLR_GDL_TetPos_IonDual_G2_0115_deeptcr,32Z_TCRLR_GDL_TetPos_IonDual_G2_0115_deeptcr.tsv,"['N', 'o', 'n', 'e']"
360,,CASSLVGDTNTDTQYF,,,TRBV5-6,,TRBJ2-3,0.00019906020503778106,32Z_TCRLR_GDL_TetPos_IonDual_G2_0115_deeptcr,32Z_TCRLR_GDL_TetPos_IonDual_G2_0115_deeptcr.tsv,"['N', 'o', 'n', 'e']"
514,,CASSLAVFSSYNEQFFGPGTRLTEAFF,,,TRBV5-6,,TRBJ1-1,5.769861015587856e-07,32Z_TCRLR_GDL_TetPos_IonDual_G2_0115_deeptcr,32Z_TCRLR_GDL_TetPos_IonDual_G2_0115_deeptcr.tsv,"['N', 'o', 'n', 'e']"
563,,CASSLDPTGFGANVLTF,,,TRBV5-6,,TRBJ2-6,0.0006119464519122865,47Z_TCR_LR_GDL_D1_IonDual_B8_0158_deeptcr,47Z_TCR_LR_GDL_D1_IonDual_B8_0158_deeptcr.tsv,"['N', 'o', 'n', 'e']"
620,,CASSLMGNTEAFF,,,TRBV5-6,,TRBJ1-1,0.00016823905475534158,47Z_TCR_LR_GDL_D1_IonDual_B8_0158_deeptcr,47Z_TCR_LR_GDL_D1_IonDual_B8_0158_deeptcr.tsv,"['N', 'o', 'n', 'e']"
665,,CASSLQGNTEAFF,,,TRBV5-6,,TRBJ1-1,9.243904107436352e-05,47Z_TCR_LR_GDL_D1_IonDual_B8_0158_deeptcr,47Z_TCR_LR_GDL_D1_IonDual_B8_0158_deeptcr.tsv,"['N', 'o', 'n', 'e']"
725,,CASSTGAGITDTQYF,,,TRBV5-6,,TRBJ2-3,4.621952053718176e-05,47Z_TCR_LR_GDL_D1_IonDual_B8_0158_deeptcr,47Z_TCR_LR_GDL_D1_IonDual_B8_0158_deeptcr.tsv,"['N', 'o', 'n', 'e']"
809,,CASSFTGFGSTDTQYF,,,TRBV5-6,,TRBJ2-3,1.6639027393385433e-05,47Z_TCR_LR_GDL_D1_IonDual_B8_0158_deeptcr,47Z_TCR_LR_GDL_D1_IonDual_B8_0158_deeptcr.tsv,"['N', 'o', 'n', 'e']"
840,,CASSLVGQVNQPQHF,,,TRBV5-6,,TRBJ1-5,1.1092684928923621e-05,47Z_TCR_LR_GDL_D1_IonDual_B8_0158_deeptcr,47Z_TCR_LR_GDL_D1_IonDual_B8_0158_deeptcr.tsv,"['N', 'o', 'n', 'e']"
845,,CASSALLASSTDTQYF,,,TRBV5-6,,TRBJ2-3,9.243904107436352e-06,47Z_TCR_LR_GDL_D1_IonDual_B8_0158_deeptcr,47Z_TCR_LR_GDL_D1_IonDual_B8_0158_deeptcr.tsv,"['N', 'o', 'n', 'e']"
893,,CASSRQGNTEAFF,,,TRBV5-6,,TRBJ1-1,1.8487808214872703e-06,47Z_TCR_LR_GDL_D1_IonDual_B8_0158_deeptcr,47Z_TCR_LR_GDL_D1_IonDual_B8_0158_deeptcr.tsv,"['N', 'o', 'n', 'e']"
914,,CASSLKSVITHTQYF,,,TRBV5-6,,TRBJ2-3,0.05887601039393504,47Z_TCR_LR_GDL_D2_IonDual_B9_0166_deeptcr,47Z_TCR_LR_GDL_D2_IonDual_B9_0166_deeptcr.tsv,"['N', 'o', 'n', 'e']"
922,,CASSHTGTSGLTDTQYF,,,TRBV5-6,,TRBJ2-3,0.026427100134974246,47Z_TCR_LR_GDL_D2_IonDual_B9_0166_deeptcr,47Z_TCR_LR_GDL_D2_IonDual_B9_0166_deeptcr.tsv,"['N', 'o', 'n', 'e']"
924,,CASSLAENSGFTDTQYF,,,TRBV5-6,,TRBJ2-3,0.01890710650110642,47Z_TCR_LR_GDL_D2_IonDual_B9_0166_deeptcr,47Z_TCR_LR_GDL_D2_IonDual_B9_0166_deeptcr.tsv,"['N', 'o', 'n', 'e']"
945,,CASSLVVRDTQYF,,,TRBV5-6,,TRBJ2-3,0.004676658637586501,47Z_TCR_LR_GDL_D2_IonDual_B9_0166_deeptcr,47Z_TCR_LR_GDL_D2_IonDual_B9_0166_deeptcr.tsv,"['N', 'o', 'n', 'e']"
1018,,CSASDVRVSSTDTQYF,,,TRBV20-1,,TRBJ2-3,0.0004529747895044517,47Z_TCR_LR_GDL_D2_IonDual_B9_0166_deeptcr,47Z_TCR_LR_GDL_D2_IonDual_B9_0166_deeptcr.tsv,"['N', 'o', 'n', 'e']"
1048,,CASSVSGTSSTEAFF,,,TRBV5-6,,TRBJ1-1,0.0002570937994484726,47Z_TCR_LR_GDL_D2_IonDual_B9_0166_deeptcr,47Z_TCR_LR_GDL_D2_IonDual_B9_0166_deeptcr.tsv,"['N', 'o', 'n', 'e']"
1054,,CASSLLGQGSPDTQYF,,,TRBV5-6,,TRBJ2-3,0.0002371996363959122,47Z_TCR_LR_GDL_D2_IonDual_B9_0166_deeptcr,47Z_TCR_LR_GDL_D2_IonDual_B9_0166_deeptcr.tsv,"['N', 'o', 'n', 'e']"
1065,,CASSLVTFTSMNTEAFF,,,TRBV5-6,,TRBJ1-1,0.0001821081079426681,47Z_TCR_LR_GDL_D2_IonDual_B9_0166_deeptcr,47Z_TCR_LR_GDL_D2_IonDual_B9_0166_deeptcr.tsv,"['N', 'o', 'n', 'e']"
1169,,CASSSSTFSGTDTQYF,,,TRBV7-9,,TRBJ2-3,3.825800587030842e-05,47Z_TCR_LR_GDL_D2_IonDual_B9_0166_deeptcr,47Z_TCR_LR_GDL_D2_IonDual_B9_0166_deeptcr.tsv,"['N', 'o', 'n', 'e']"
1181,,CASSFGYSNQPQHF,,,TRBV5-6,,TRBJ1-5,2.90760844614344e-05,47Z_TCR_LR_GDL_D2_IonDual_B9_0166_deeptcr,47Z_TCR_LR_GDL_D2_IonDual_B9_0166_deeptcr.tsv,"['N', 'o', 'n', 'e']"
1191,,CASSFGTGEYTDTQYF,,,TRBV7-9,,TRBJ2-3,2.2954803522185052e-05,47Z_TCR_LR_GDL_D2_IonDual_B9_0166_deeptcr,47Z_TCR_LR_GDL_D2_IonDual_B9_0166_deeptcr.tsv,"['N', 'o', 'n', 'e']"
1199,,CASSLLLQEASTDTQYF,,,TRBV5-6,,TRBJ2-3,1.989416305256038e-05,47Z_TCR_LR_GDL_D2_IonDual_B9_0166_deeptcr,47Z_TCR_LR_GDL_D2_IonDual_B9_0166_deeptcr.tsv,"['N', 'o', 'n', 'e']"
1434,,CASSLDPTGFGANVLTF,,,TRBV5-6,,TRBJ2-6,0.0004794885741577673,57Z_TCRLR_BC1_TetPos_IonDual_A4_0125_deeptcr,57Z_TCRLR_BC1_TetPos_IonDual_A4_0125_deeptcr.tsv,"['N', 'o', 'n', 'e']"
1474,,CASSLQGNTEAFF,,,TRBV5-6,,TRBJ1-1,0.00014067861862187574,57Z_TCRLR_BC1_TetPos_IonDual_A4_0125_deeptcr,57Z_TCRLR_BC1_TetPos_IonDual_A4_0125_deeptcr.tsv,"['N', 'o', 'n', 'e']"
1506,,CASSLMGNTEAFF,,,TRBV5-6,,TRBJ1-1,0.00010040802168813269,57Z_TCRLR_BC1_TetPos_IonDual_A4_0125_deeptcr,57Z_TCRLR_BC1_TetPos_IonDual_A4_0125_deeptcr.tsv,"['N', 'o', 'n', 'e']"
1620,,CASSALLASSTDTQYF,,,TRBV5-6,,TRBJ2-3,2.9531771084744906e-05,57Z_TCRLR_BC1_TetPos_IonDual_A4_0125_deeptcr,57Z_TCRLR_BC1_TetPos_IonDual_A4_0125_deeptcr.tsv,"['N', 'o', 'n', 'e']"
1636,,CASSTGAGITDTQYF,,,TRBV5-6,,TRBJ2-3,2.4699299452695742e-05,57Z_TCRLR_BC1_TetPos_IonDual_A4_0125_deeptcr,57Z_TCRLR_BC1_TetPos_IonDual_A4_0125_deeptcr.tsv,"['N', 'o', 'n', 'e']"
1728,,CASSFTGFGSTDTQYF,,,TRBV5-6,,TRBJ2-3,9.664943264098333e-06,57Z_TCRLR_BC1_TetPos_IonDual_A4_0125_deeptcr,57Z_TCRLR_BC1_TetPos_IonDual_A4_0125_deeptcr.tsv,"['N', 'o', 'n', 'e']"
1769,,CASSLVGQVNQPQHF,,,TRBV5-6,,TRBJ1-5,5.369412924499074e-06,57Z_TCRLR_BC1_TetPos_IonDual_A4_0125_deeptcr,57Z_TCRLR_BC1_TetPos_IonDual_A4_0125_deeptcr.tsv,"['N', 'o', 'n', 'e']"
1780,,CASSLATGDVQDTQYF,,,TRBV5-6,,TRBJ2-3,4.832471632049166e-06,57Z_TCRLR_BC1_TetPos_IonDual_A4_0125_deeptcr,57Z_TCRLR_BC1_TetPos_IonDual_A4_0125_deeptcr.tsv,"['N', 'o', 'n', 'e']"
1794,,CASSLVTEYSTDTQYF,,,TRBV5-6,,TRBJ2-3,3.2216477546994442e-06,57Z_TCRLR_BC1_TetPos_IonDual_A4_0125_deeptcr,57Z_TCRLR_BC1_TetPos_IonDual_A4_0125_deeptcr.tsv,"['N', 'o', 'n', 'e']"
1830,,CASSLVPTGFGANVLTF,,,TRBV5-6,,TRBJ2-6,2.1477651697996298e-06,57Z_TCRLR_BC1_TetPos_IonDual_A4_0125_deeptcr,57Z_TCRLR_BC1_TetPos_IonDual_A4_0125_deeptcr.tsv,"['N', 'o', 'n', 'e']"
1885,,CASSLVSGSYTEAFF,,,TRBV5-6,,TRBJ1-1,5.369412924499074e-07,57Z_TCRLR_BC1_TetPos_IonDual_A4_0125_deeptcr,57Z_TCRLR_BC1_TetPos_IonDual_A4_0125_deeptcr.tsv,"['N', 'o', 'n', 'e']"
1907,,CASSLKSVITHTQYF,,,TRBV5-6,,TRBJ2-3,0.09082233432733959,57Z_TCRLR_BC2_TetPos_IonDual_B4_0126_deeptcr,57Z_TCRLR_BC2_TetPos_IonDual_B4_0126_deeptcr.tsv,"['N', 'o', 'n', 'e']"
1911,,CASSHTGTSGLTDTQYF,,,TRBV5-6,,TRBJ2-3,0.03653991601453575,57Z_TCRLR_BC2_TetPos_IonDual_B4_0126_deeptcr,57Z_TCRLR_BC2_TetPos_IonDual_B4_0126_deeptcr.tsv,"['N', 'o', 'n', 'e']"
1921,,CASSLAENSGFTDTQYF,,,TRBV5-6,,TRBJ2-3,0.02169603271816994,57Z_TCRLR_BC2_TetPos_IonDual_B4_0126_deeptcr,57Z_TCRLR_BC2_TetPos_IonDual_B4_0126_deeptcr.tsv,"['N', 'o', 'n', 'e']"
1944,,CASSLVVRDTQYF,,,TRBV5-6,,TRBJ2-3,0.005200706924344325,57Z_TCRLR_BC2_TetPos_IonDual_B4_0126_deeptcr,57Z_TCRLR_BC2_TetPos_IonDual_B4_0126_deeptcr.tsv,"['N', 'o', 'n', 'e']"
2017,,CSASDVRVSSTDTQYF,,,TRBV20-1,,TRBJ2-3,0.0005487831275290499,57Z_TCRLR_BC2_TetPos_IonDual_B4_0126_deeptcr,57Z_TCRLR_BC2_TetPos_IonDual_B4_0126_deeptcr.tsv,"['N', 'o', 'n', 'e']"
2065,,CASSVSGTSSTEAFF,,,TRBV5-6,,TRBJ1-1,0.00023682984157866188,57Z_TCRLR_BC2_TetPos_IonDual_B4_0126_deeptcr,57Z_TCRLR_BC2_TetPos_IonDual_B4_0126_deeptcr.tsv,"['N', 'o', 'n', 'e']"
2075,,CASSLLGQGSPDTQYF,,,TRBV5-6,,TRBJ2-3,0.00019608492259738671,57Z_TCRLR_BC2_TetPos_IonDual_B4_0126_deeptcr,57Z_TCRLR_BC2_TetPos_IonDual_B4_0126_deeptcr.tsv,"['N', 'o', 'n', 'e']"
2080,,CASSLVTFTSMNTEAFF,,,TRBV5-6,,TRBJ1-1,0.00018080557797940853,57Z_TCRLR_BC2_TetPos_IonDual_B4_0126_deeptcr,57Z_TCRLR_BC2_TetPos_IonDual_B4_0126_deeptcr.tsv,"['N', 'o', 'n', 'e']"
2125,,CASSSSTFSGTDTQYF,,,TRBV7-9,,TRBJ2-3,9.613254322144609e-05,57Z_TCRLR_BC2_TetPos_IonDual_B4_0126_deeptcr,57Z_TCRLR_BC2_TetPos_IonDual_B4_0126_deeptcr.tsv,"['N', 'o', 'n', 'e']"
2206,,CASSFGYSNQPQHF,,,TRBV5-6,,TRBJ1-5,2.9285410517791525e-05,57Z_TCRLR_BC2_TetPos_IonDual_B4_0126_deeptcr,57Z_TCRLR_BC2_TetPos_IonDual_B4_0126_deeptcr.tsv,"['N', 'o', 'n', 'e']"
2225,,CASSFGTGEYTDTQYF,,,TRBV7-9,,TRBJ2-3,2.164573820880243e-05,57Z_TCRLR_BC2_TetPos_IonDual_B4_0126_deeptcr,57Z_TCRLR_BC2_TetPos_IonDual_B4_0126_deeptcr.tsv,"['N', 'o', 'n', 'e']"
2268,,CASSLLLQEASTDTQYF,,,TRBV5-6,,TRBJ2-3,1.3369426540730913e-05,57Z_TCRLR_BC2_TetPos_IonDual_B4_0126_deeptcr,57Z_TCRLR_BC2_TetPos_IonDual_B4_0126_deeptcr.tsv,"['N', 'o', 'n', 'e']"
2283,,CASSLKSVTQYF,,,TRBV5-6,,TRBJ2-3,1.145950846348364e-05,57Z_TCRLR_BC2_TetPos_IonDual_B4_0126_deeptcr,57Z_TCRLR_BC2_TetPos_IonDual_B4_0126_deeptcr.tsv,"['N', 'o', 'n', 'e']"
2367,,CASSLGSTDTQYF,,,TRBV5-6,,TRBJ2-3,5.093114872659395e-06,57Z_TCRLR_BC2_TetPos_IonDual_B4_0126_deeptcr,57Z_TCRLR_BC2_TetPos_IonDual_B4_0126_deeptcr.tsv,"['N', 'o', 'n', 'e']"
2414,,CASSHTGTSVTDTQYF,,,TRBV5-6,,TRBJ2-3,2.5465574363296975e-06,57Z_TCRLR_BC2_TetPos_IonDual_B4_0126_deeptcr,57Z_TCRLR_BC2_TetPos_IonDual_B4_0126_deeptcr.tsv,"['N', 'o', 'n', 'e']"
2432,,CASSLAGSRAFF,,,TRBV5-6,,TRBJ1-1,1.9099180772472734e-06,57Z_TCRLR_BC2_TetPos_IonDual_B4_0126_deeptcr,57Z_TCRLR_BC2_TetPos_IonDual_B4_0126_deeptcr.tsv,"['N', 'o', 'n', 'e']"
2463,,CASSHTGTRRTSQTTQYF,,,TRBV5-6,,TRBJ2-3,1.2732787181648487e-06,57Z_TCRLR_BC2_TetPos_IonDual_B4_0126_deeptcr,57Z_TCRLR_BC2_TetPos_IonDual_B4_0126_deeptcr.tsv,"['N', 'o', 'n', 'e']"
2486,,RASSLWMTSTDTQYF,,,TRBV5-6,,TRBJ2-3,6.366393590824244e-07,57Z_TCRLR_BC2_TetPos_IonDual_B4_0126_deeptcr,57Z_TCRLR_BC2_TetPos_IonDual_B4_0126_deeptcr.tsv,"['N', 'o', 'n', 'e']"
2494,,CAGSLKSVITHTQYF,,,TRBV5-6,,TRBJ2-3,6.366393590824244e-07,57Z_TCRLR_BC2_TetPos_IonDual_B4_0126_deeptcr,57Z_TCRLR_BC2_TetPos_IonDual_B4_0126_deeptcr.tsv,"['N', 'o', 'n', 'e']"
2495,,CAGSLKSVITHTQYL,,,TRBV5-6,,TRBJ2-3,6.366393590824244e-07,57Z_TCRLR_BC2_TetPos_IonDual_B4_0126_deeptcr,57Z_TCRLR_BC2_TetPos_IonDual_B4_0126_deeptcr.tsv,"['N', 'o', 'n', 'e']"
2515,,CASSHTGTSTDTQYF,,,TRBV5-6,,TRBJ2-3,6.366393590824244e-07,57Z_TCRLR_BC2_TetPos_IonDual_B4_0126_deeptcr,57Z_TCRLR_BC2_TetPos_IonDual_B4_0126_deeptcr.tsv,"['N', 'o', 'n', 'e']"
